Patient,Coarseness,Correlation,Idmn,Idn,Imc1,Imc2,MCC,RunLengthNonUniformity
6,1.96802697698423,0.216002607363493,1.33128268211726,1.4498661793142,89.4361886295007,64.5535413550449,85.2633697306553,10.5336688753196
14,1.81105785499807,0.227796302898371,0.845456372330376,1.03160954716241,30.2735479752812,1.71846981866877,1.47706225853425,20.9841188441445
15,1.98166505969754,0.258027357299541,1.21395395226047,1.35835196605496,27.1043288153306,6.82480292599021,1.36984453647708,12.4327746206203
16,2.45776376523177,0.0688883116652915,1.55954374327187,1.71095261443541,17.6399412564119,30.6476326610477,68.5153759616139,13.7535822449168
18,2.08925558712236,0.189448350355265,1.18555575191861,1.3305983960053,28.3361335244571,5.40439615939985,1.38093369434938,13.1311745248221
19,1.8819213292912,0.220472718717033,1.1282355730609,1.28622787130018,30.8393178691063,1.94892756958782,1.37178634149651,14.2195601296324
21,2.06177294245626,0.180173773062827,1.22595762330683,1.36540990458952,23.4566340114155,12.2220610097557,1.45480273417617,12.2082045777709
23,2.09586788059983,0.194391287378104,1.228214350102,1.36530746566946,27.2622633002128,6.62586538542311,1.36649341754111,12.3511465717819
