Patient,Coarseness,Correlation,DependenceNonUniformity,GrayLevelNonUniformity,Idmn,Idn,Imc1,RunLengthNonUniformity,RunLengthNonUniformityNormalized,RunPercentage,ShortRunEmphasis,SmallDependenceEmphasis,ZonePercentage
6,43.9465623899905,0.258252015341105,25.233660182536,40.3464906822297,0.8291167170076,1.05313987862949,52.2810273277482,15.0412087248464,9.662761622635,6.39092649815269,4.39456621443061,37.2879369146135,42.9156336520429
14,37.8708299161268,0.208086316831752,18.1507187384168,52.6045913559652,0.29687359112643,0.513786517340919,18.3111613474311,30.0617391206805,18.8453361236023,16.3755167348231,10.2720014775188,38.4632145220303,44.329075418652
15,38.2631924909132,0.165852329854316,25.255894475476,48.5788647121055,0.693575486185389,0.930246676888898,45.0988421597179,17.6346251583156,11.2412365586619,7.84009212677313,5.27471691128538,38.1977698647022,44.0990365316232
16,20.7891647482532,0.330372796176346,34.4937252102349,40.9438170167867,0.826949917747038,1.12380272029559,47.4426044930114,22.7199345537393,14.109211462783,9.54682862350937,6.41079687407525,56.7041491161339,68.6093970375684
18,36.5352166513562,0.214458190099623,25.5492496125937,51.4500877037405,0.788665166515444,0.997029177566038,50.6762958658492,17.1359921800344,10.8596271398123,7.64351514741431,5.05863458311491,38.1284601495778,44.0103200809717
19,41.1781020065729,0.294944217619433,21.4616458255645,48.9415411297938,0.361865191873318,0.589461865100508,22.0825691558542,26.4129786427877,16.2809731239159,13.8414546302123,8.51957721190297,38.8922813612181,44.0739469222225
21,29.2831621747816,0.111759336375713,25.2814947534143,52.0817022429136,0.939411115964389,1.12217982516402,68.5762337216858,13.5072144661193,8.58014389120687,5.70269164815912,3.81200950111922,37.7143141123058,42.9551018754317
23,41.5865264028202,0.377843778114135,25.2636821736271,45.090339921613,0.60672673841422,0.830488111527093,35.0351937826887,20.2989822010696,12.7230259456651,9.5733641925532,6.15308529693771,38.0072530136012,43.5336704219958
