Patient,10Percentile,MajorAxisLength,Maximum,Maximum2DDiameterColumn,Maximum2DDiameterRow
6,0.0,4.579586243428817e-14,0.0,2.2434959563186287e-14,5.117188094638437e-14
14,0.0,0.0,0.0,0.0,0.0
15,0.0,0.0,0.0,0.0,0.0
16,0.0,0.0,0.0,0.0,0.0
18,0.0,0.0,0.0,0.0,0.0
19,0.0,0.0,0.0,0.0,0.0
21,0.0,0.0,0.0,0.0,0.0
23,0.0,0.0,0.0,0.0,0.0
