Patient,10Percentile,MajorAxisLength,Maximum,Maximum2DDiameterColumn,Maximum2DDiameterRow
6,0.0,5.613917146526838e-14,0.0,0.0,9.726045168306439e-14
14,0.0,0.0,0.0,0.0,0.0
15,0.0,0.0,0.0,0.0,0.0
16,0.0,0.0,0.0,0.0,0.0
18,0.0,0.0,0.0,0.0,0.0
19,0.0,0.0,0.0,0.0,0.0
21,0.0,0.0,0.0,0.0,0.0
23,0.0,0.0,0.0,0.0,0.0
