Patient,10Percentile,MajorAxisLength,Maximum,Maximum2DDiameterColumn,Maximum2DDiameterRow
6,0.0,2.0420817402701597e-14,0.0,5.36736469696923e-14,6.170595618456666e-14
14,0.0,0.0,0.0,0.0,0.0
15,0.0,0.0,0.0,0.0,0.0
16,0.0,0.0,0.0,0.0,0.0
18,0.0,0.0,0.0,0.0,0.0
19,0.0,0.0,0.0,0.0,0.0
21,0.0,0.0,0.0,0.0,0.0
23,0.0,0.0,0.0,0.0,0.0
