Patient,Coarseness,Correlation,DependenceNonUniformity,GrayLevelNonUniformity,Idmn,Idn,Imc1,RunLengthNonUniformity,RunLengthNonUniformityNormalized,RunPercentage,ShortRunEmphasis,SmallDependenceEmphasis,ZonePercentage
6,46.9431230559909,0.320178631462863,24.605489041571,43.640077358876,0.797789330977205,0.98822929638472,39.7266843304166,17.7385799140007,11.4294361454955,8.19237354911083,5.55390113495932,37.7882337374461,43.3188883135865
14,59.6669424038991,0.201241552541976,14.6252322528254,55.9766166820607,0.348126145688999,0.512767622002127,15.20095320101,27.6373409885091,16.2234643456723,15.4541351437319,8.61898786883863,38.0315665876105,44.590655375856
15,41.6162807979598,0.241367579842475,24.2426680399248,47.1177503392991,0.56310811760366,0.796799308753076,31.1375273070856,21.1495764053797,13.4880770214653,10.1371802488255,6.74506181230345,38.3606246242721,44.3127517668528
16,28.2302693319004,0.607655799685065,31.9719881562515,42.0219434390853,0.757679511593257,0.983988151715755,32.2790680724469,26.1595222801198,15.4151711715662,12.1386237591287,7.24748331608822,55.6854760895613,67.4018047270722
18,43.1103012035323,0.249821034202858,24.0981843222458,45.8443116032824,0.581677224921667,0.812421403862014,30.1416754756577,20.2030171431147,12.627275987311,9.73409606644716,6.17205903533028,38.5445598349688,44.4034809438827
19,57.3079460179769,0.242409606911372,16.0187796181951,49.5507877543593,0.314822284763409,0.498057819078551,13.4577787768737,29.4372335333911,18.119581561837,16.1819005958659,9.92945730145426,37.9372674771631,44.4769070436473
21,33.3569330081355,0.143639239722768,26.9051331104214,48.0116790127454,0.986928005946838,1.15386114302124,58.1346538282615,13.8830083611251,8.60144282594394,6.12119428236987,3.82540167620416,38.995225524651,43.2793034383343
23,55.5726237700587,0.466414548917547,22.7583706517029,45.3412543036178,0.599715987240583,0.767378520473521,26.0608528620629,20.6569044475788,12.4911102995604,10.3518559625213,6.14591751961572,37.6320110932364,43.4189982142739
