Patient,10Percentile,InterquartileRange,Kurtosis,Variance,TotalEnergy
6,5.1307947656618524e-14,0.0,2.2149652626139223e-14,0.0,1.4841142409601932e-14
14,0.0,0.0,0.0,0.0,0.0
15,0.0,0.0,0.0,0.0,0.0
16,0.0,0.0,0.0,0.0,0.0
18,0.0,0.0,0.0,0.0,0.0
19,0.0,0.0,0.0,0.0,0.0
21,0.0,0.0,0.0,0.0,0.0
23,0.0,0.0,0.0,0.0,0.0
