Patient,10Percentile,Range,Flatness,MinorAxisLength,Minimum
6,1.2451318983212152e-14,1.2330826670345635e-13,8.050690291084478e-14,1.6627968954466693e-14,1.8132182138249053e-14
14,0.0,0.0,0.0,0.0,0.0
15,0.0,0.0,0.0,0.0,0.0
16,0.0,0.0,0.0,0.0,0.0
18,0.0,0.0,0.0,0.0,0.0
19,0.0,0.0,0.0,0.0,0.0
21,0.0,0.0,0.0,0.0,0.0
23,0.0,0.0,0.0,0.0,0.0
