Patient,Idmn,Idn,ShortRunEmphasis,RunPercentage,SmallAreaEmphasis
6,0.8587091532487987,1.8137303503685438,1.8217709158941966,2.7870632656508976,3.441155809654864
14,0.8267118516196816,1.7078118350179492,3.9292713252100335,6.771222465224162,4.601557509358549
15,1.121184924466615,2.3909262361329384,3.5194376415304673,4.998846970267444,5.7443257041621685
16,0.8936939714581973,1.6275200111271233,6.271064282415535,9.977552990915841,13.075414783390418
18,0.061956487447686566,0.24417704127648454,0.4998136578604249,0.869178680803662,3.9177983843925395
19,0.4362058070067064,0.952059681081636,3.9244506969296116,6.710504796612312,4.54133739809145
21,1.624223999932412,2.7381861217550703,2.1705918733925467,3.631415644069801,6.871603627131124
23,0.8027267648820481,1.5158892205377281,1.9622383461185948,3.153003720878994,4.174552572249891
