Patient,Idmn,Idn,ShortRunEmphasis,RunPercentage,RunLengthNonUniformityNormalized
6,0.05723392859986785,0.10181346740256876,0.5881930655327743,0.8179123450810502,1.5197190081922234
14,0.43148443018803956,0.8146524935373304,0.7662979756723116,2.0431933528306625,1.8984436697653466
15,0.09634386559198911,0.1777304132062635,0.5808433465390415,0.8240411825265695,1.49884981491667
16,0.019362171614125668,0.0351778460302927,0.6058476410597899,0.8298186830874329,1.566038452050646
18,0.06160623713682184,0.11560953494581683,0.5941008414399005,0.8213104533408465,1.5348823156051983
19,0.09897653259954282,0.16891827452336197,0.5516413032745711,0.8555633947155438,1.404998166689972
21,0.023258899690991635,0.0427888766722472,0.5986233752073654,0.8218882623950293,1.5483182299237441
23,0.037553173738841615,0.07323897679878476,0.600757148950991,0.8259736733125951,1.552445545695869
