Patient,Idmn,Idn,ShortRunEmphasis,RunPercentage,RunLengthNonUniformityNormalized
6,1.2300482500690202,1.4211189039539582,2.8715688406796835,3.9165062408146536,6.995383897953484
14,1.844229221107525,3.063966870086418,4.158037588256979,6.393257731926809,9.609917005105869
15,1.2556778985520687,1.6493413358766738,3.29688402291974,4.567832492734563,7.912937172258026
16,1.4282327413864255,1.586966086364927,3.47502630633387,4.796104578875041,8.560125909923025
18,1.2192332216592248,1.4995450715643002,3.169138694198994,4.384764687145322,7.642189173458666
19,1.0299671519373594,1.2310758908481607,3.820296505712395,5.455195273859302,9.040605276500449
21,1.174837308807564,1.35053978050156,3.033677406797645,4.192336387682142,7.348883191036013
23,1.1368421008785108,1.3055915304035606,3.256538631174815,4.584891555165036,7.831521841516524
