Patient,Idmn,Idn,ShortRunEmphasis,RunPercentage,RunLengthNonUniformityNormalized
6,0.07947022396928285,0.11321230008003748,0.6419303055147126,0.8839643103678148,1.6596623820880982
14,0.41670279823467804,0.7784732153734101,0.8392650734307296,2.0794303859204417,2.0953070773780405
15,0.10843049645246794,0.17913598896857083,0.6134867122487413,0.861622352363911,1.583327970339611
16,1.3413908505246435,1.4610904923344017,2.6041627258024365,3.6945803650181888,6.37991472730423
18,0.08257101304376356,0.12470300877527919,0.6490603038614597,0.887874479848769,1.678269397286523
19,0.10858269833105141,0.16967712581447775,0.5373415705252718,0.821533553855946,1.369604155618491
21,0.06256452901713185,0.07149110160812142,0.6695940348441703,0.9092189153419126,1.7341697794674191
23,0.06802348399509912,0.09094297936978818,0.6638196492616949,0.9020736542377351,1.7171245924615366
