Patient,Idmn,Idn,ShortRunEmphasis,RunPercentage,RunLengthNonUniformityNormalized
6,0.3519891242037235,0.592333273306143,0.8493560053340948,1.1555133912601048,2.195762142038803
14,1.6562047183539552,2.981371596632556,1.5375417209973745,2.3522391364580493,3.809558780404047
15,0.6253489350021016,1.136558116890915,1.002665970714583,1.3791206130030087,2.573617355933859
16,0.1518269156946966,0.2745012703398947,0.8854613043980825,1.2110363940274906,2.2860641214928643
18,0.4923261674172503,0.8544279398364709,0.9511946999272571,1.3065768662411137,2.447494089266844
19,0.22329997812721258,0.4310488744733329,1.167385138164131,1.627206427210252,2.978261172053618
21,0.27568448163467657,0.47375642154131253,0.9028495036257719,1.237424148924159,2.328163780096208
23,0.2572620929406457,0.42449165436844183,0.9862615694988756,1.3688164092163109,2.5321879598230055
