Patient,Idmn,Idn,ShortRunEmphasis,RunPercentage,RunLengthNonUniformityNormalized
6,0.3634914222285728,0.61181678281676,0.7121863787473569,0.9698110765451656,1.837401217645027
14,1.710007063559085,3.079116129111492,1.5204913077699158,2.394103500108301,3.7386725747949012
15,0.6456587641245461,1.1738690673077536,0.8660815684305088,1.1985233065024214,2.2157415481288476
16,0.15678646347433509,0.2835239291257881,0.7377042563810118,1.0110700728217572,1.9011677326683445
18,0.5083430710904666,0.8824844565082671,0.8063681812097452,1.113191458736702,2.0694862037144275
19,0.23059922787504972,0.4452722594368984,0.9714992465525173,1.3616068872208948,2.4714540663382434
21,0.2845967440068238,0.48923541103198215,0.7551503055473224,1.0382962460844352,1.9432805414982748
23,0.26559362828181465,0.43834915014165493,0.8222312659443195,1.1475603390621378,2.105709636380083
