,Mean,Std,Lower CI value,Higher CI value
Minimum,0.0,0.0,0.0,0.0
GrayLevelNonUniformity.2,0.014473990523110106,0.08749120628424546,-4.615432222951532,7.510230327573552
Patient,0.0,0.0,0.0,0.0
