Patient,Idmn,Idn,ShortRunEmphasis,RunPercentage,SmallAreaEmphasis
6,0.7770219891454118,1.1501259230819831,4.504517295463371,6.646236347113339,8.592628297740507
14,1.4067409094341503,2.482396927404771,9.099652642844678,14.349461543420203,12.201775093259203
15,0.9412142189838981,1.446394953218506,5.730317738275602,8.537133108774862,8.626867136582991
16,1.1039730425430718,1.611619156196389,5.500206623246923,8.194236801400494,10.064732489665785
18,0.7825235845848811,1.126657277587033,4.81172668764919,7.4128416051375865,8.604574063684336
19,0.411065674958921,0.8613375408414323,9.475942957573862,14.022097989465292,11.40569744362802
21,1.1154476997244533,1.6841624458871964,4.1917674262808555,6.484716022862366,9.270897329350202
23,1.0272079732050552,1.6997444436298157,5.115891666021068,7.909315240012373,9.755100699000714
