Patient,Idmn,ShortRunEmphasis,Idn,RunPercentage,RunLengthNonUniformityNormalized
6,0.304018817376235,0.5512211341036125,0.7293720119798137,0.8088669403618458,1.3149751732100654
14,1.4756691271110667,4.465413239879825,2.6011643012320276,7.291688812632035,9.702695217662841
15,0.8425404366887034,1.024050712489326,1.3142063087278488,1.5303328201238169,2.4061635275929185
16,0.7953115520909317,0.7676457116333474,1.2817496437979308,1.1526076794549127,1.8463636204844234
18,0.40274948569815094,0.6857002568900182,0.740260965081706,1.1988584001291294,1.5823111724499461
19,0.3007079760857074,1.8603591454137047,0.7433561520133712,2.778089873382465,3.9784320332359826
21,0.8597571013002006,1.033253236912158,1.4779833722728066,1.5904359027378252,2.4778894702202736
23,0.8583621844048537,1.416959297306432,1.581648677810242,2.1748693894251128,3.314273188707436
