Patient,Idmn,ShortRunEmphasis,Idn,RunPercentage,RunLengthNonUniformityNormalized
6,0.2938814718571378,0.5332670131384858,0.7054257289537043,0.7829996662296042,1.2723296502665151
14,1.4280227538374684,4.338826734657361,2.5174867004195662,7.077013462641099,9.430329329567282
15,0.8162129009846361,0.9943012034817172,1.2727312399656416,1.4847638020873675,2.337046733449351
16,0.7708188138609707,0.7549051489207539,1.2418963423281966,1.1304242456852036,1.81727790882837
18,0.3908213578475394,0.6618726501630543,0.7177760847864508,1.1588216443239256,1.527138588341461
19,0.2918549749287268,1.8038348579550345,0.7216630852999981,2.69164320395235,3.8579018186706455
21,0.83343810961653,1.0141795777791087,1.432481188332005,1.5579642872128299,2.4349965610088513
23,0.8319883781062292,1.3879122980564107,1.5326291980155589,2.12504995297969,3.2487346002989326
