Patient,Idmn,Idn,Imc2,MCC,SumAverage
6,0.10792315505481757,0.5737368663416496,2.1220397826848645,3.3547824330526512,0.21824018526419436
14,0.026879892401743197,0.22883951011193823,0.6382996936380242,1.5455244319572634,0.2601892694470317
15,0.013329072074220365,0.2577764106363365,3.463598072782566,2.252992096099908,1.9734043143513962
16,0.012330080705357327,0.20355577032104408,1.95846997259584,1.4630529863954622,2.648639857725791
18,0.027000365582852653,0.17293440888084852,0.5320751801487018,0.562274593938358,0.8869152322550105
19,0.006390624162413222,0.14712182407446772,0.5022888656918529,0.854905324051154,114.74552549571733
21,0.18190075340099573,0.4211951157652031,0.42669340303995534,1.0031252906480324,2.3486967925009106
23,0.07072461187457253,0.21656484010773713,1.1467868882632233,0.6509275508697285,2.2188609836779016
