Patient,Idmn,Idn,ShortRunEmphasis,RunPercentage,RunLengthNonUniformityNormalized
6,0.34663404290694005,0.5832378352933347,0.8944859583074621,1.2158090692859191,2.31368483301547
14,1.6311923242555548,2.935859895249357,1.527763464058892,2.301513308254225,3.799472670023106
15,0.6159058677044945,1.1191717445956542,1.0467212536288166,1.4354970123887059,2.6895246042321905
16,1.2813083346663348,1.4277873686236657,3.10362664987517,4.267119964803014,7.552168236552095
18,0.48486778758094257,0.8413400351813047,0.9985403309290964,1.3681127542916274,2.5713083250235473
19,0.2199046966554141,0.42440342945637577,1.232872205617989,1.7121417796910468,3.148304522626398
21,0.2715451084348832,0.4665303604983126,0.9516273209945275,1.3016049111303698,2.4554326332822582
23,0.2533816032007555,0.4180128266039156,1.040847423959614,1.439760300756493,2.6744781351243927
