Patient,Coarseness,DependenceNonUniformity,GrayLevelNonUniformity,GrayLevelNonUniformity.1,GrayLevelNonUniformity.2,RunLengthNonUniformity,SizeZoneNonUniformity
6,10.5932290182058,24.2940129083017,25.936639098221,36.9137428699064,37.7199501619439,9.56089274501733,31.0897716055342
14,18.8823284500195,32.121499934289,27.0176844724118,37.9154570949802,0.881716888758255,7.04689073424364,39.3167614454839
15,5.84332121493619,24.6472037158287,23.5434332432742,35.6791693571139,36.6364911839493,4.78681100410908,32.8620424186555
16,13.6938479181079,26.030735920013,26.8144668217069,37.7457404505488,38.5414234830634,12.3735051638933,32.9706945350606
18,7.1699366877337,24.4215434490731,23.9556586443125,35.818640472152,36.7256925507222,5.40117141798823,32.4928437778817
19,1.50018176392999,24.1417346553675,20.072605512608,37.6975037034514,0.215158439393789,3.8123306708235,33.6532030990049
21,12.1001090157261,25.6546989632787,26.4670913890642,38.7031314814064,39.6300688546334,14.5534802066209,32.8984282516674
23,18.0289265245813,29.638294512305,28.7772425132173,39.8851418360974,40.7628300053888,17.7104841500372,36.0864781939956
