Patient,Idmn,Idn,ShortRunEmphasis,RunPercentage,RunLengthNonUniformityNormalized
6,0.05544503624654576,0.09864591392701333,0.6700299269553363,0.9218158350868151,1.734663799178176
14,0.4179039931728876,0.7876294531480489,0.8539958071609701,2.094867558434891,2.1371009377170034
15,0.09343345050585192,0.1720881600148294,0.6432207633755157,0.9006186362841928,1.662275617949398
16,0.01884514119827356,0.034460698309029605,0.6992102562511997,0.9486365953675142,1.8115043977625225
18,0.0597067544307721,0.11197103964996508,0.6773810633963103,0.9268351313845702,1.7537901298564689
19,0.0956740702483062,0.16305644537122468,0.5708285128949936,0.8651043252329599,1.4571473400314106
21,0.022565835567289274,0.041742543761352516,0.696685522171911,0.9475626113874945,1.8066290790483817
23,0.036420193953723104,0.07102985054337187,0.6923362236945834,0.9420438052422833,1.7932546721058829
