Patient,SumEntropy,HighGrayLevelZoneEmphasis,Idmn,GrayLevelNonUniformityNormalized,GrayLevelVariance
6,0.9574149667404552,0.5934626253463842,1.0047478347698893,1.2556071513787288,1.4794154140987916
14,0.6537419514995281,0.8414208195828483,0.965815809705108,0.7533212645753725,1.4428423562816117
15,0.7804991514761686,3.1801636494983105,1.31247517225591,3.6763458728539726,2.078182613975209
16,0.1845227803207127,1.985916528269988,0.7380810187863115,2.231953761062127,0.1830922322760712
18,0.34201905626075824,1.0845193556394104,0.06942101480798886,1.1199959669606976,1.033825334300965
19,1.0895256971188843,0.7630476398191272,0.510421537642846,1.5516474573152936,2.847141586180836
21,0.6235461840916073,0.38713967218675827,1.8952400794824007,0.7616677178749973,0.4079559122464114
23,0.18276361195501584,0.8595646127897323,0.9382427385504526,0.5475455606417446,0.5772383248147664
