Patient,GrayLevelNonUniformityNormalized,GrayLevelNonUniformityNormalized.1,JointEntropy,HighGrayLevelZoneEmphasis,ShortRunEmphasis
6,0.0011411548360121724,0.008665555061865553,0.06256691530187698,0.005016353959018414,0.18523639573446096
14,0.020272642062410817,0.6560086570727838,1.6384605154198089,0.6250359959392771,1.5818867093355418
15,0.0021915512556249643,0.02419233123069689,0.33497730060493125,0.15010890643681063,0.4507499371975655
16,0.0008297033267080247,0.008938746237175842,0.03600405053684671,0.10796954301506888,0.1092151616537605
18,0.0008784146606555869,0.007354781186597742,0.1667448933388349,0.16379618399808601,0.31042569851512447
19,0.003235030469671137,0.06065817352030209,0.20623595041460935,0.16180622533788616,0.16456227003780158
21,0.0005196871347562676,0.0019580480813480654,0.08329760131757238,0.19342075821421084,0.16455497737066194
23,0.0020405687438982125,0.024458944592796645,0.10243056417755067,0.2498518005406051,0.16510826158771633
