Patient,Coarseness,DependenceNonUniformity,GrayLevelNonUniformity.1,GrayLevelNonUniformity.2,Imc1,RunEntropy,RunLengthNonUniformity
6,11.3186070702832,11.9973004143734,28.1258851390799,28.197979409173,42.5932221624492,8.09764822321764,2.63676862089468
14,17.5476465048621,24.9883087947655,36.6680113524727,18.9133425221532,24.1386011053099,6.51668763209043,17.6039223352922
15,35.9721979239474,26.2535394070279,27.4409932981952,31.2181814520526,39.7100263402448,7.27830089018308,12.0465519577322
16,13.689893064575,25.2173125803878,24.730487322869,23.313609967217,35.2359012707715,7.08975183686877,17.2912388317624
18,10.7582203152787,7.83789754187061,22.3256876988929,21.0351531845083,27.6240650974823,6.93900724910295,4.83144564613937
19,23.9027317246266,14.5577689466309,35.184916662901,18.1588630709017,13.5570364626188,4.98196695744181,15.3916386636681
21,7.58442380047238,13.4625934673355,34.1707985982032,36.2384045643667,64.2685099578006,8.25593693916,5.62758609810776
23,21.343739094566,0.887991862329924,32.3925364473043,34.3471206243406,30.8930035355022,7.27982502012087,9.91563596131216
