Patient,Idmn,ShortRunEmphasis,Idn,RunPercentage,RunLengthNonUniformityNormalized
6,0.29163294496926856,0.524256816474906,0.6965382573789843,0.7703249505402877,1.250773093948092
14,1.4084876491153704,4.279970160525137,2.480329672377411,6.977190027654253,9.303654172073792
15,0.8058234073340979,0.9803627226165823,1.2546194958138974,1.4634768116997239,2.3046380974798932
16,1.0553600323520793,4.829165141737458,1.5558369857674104,7.141903944810424,10.570974462024113
18,0.38697507735007236,0.6504290386202649,0.7087138065979518,1.139901907573553,1.5005231908115384
19,0.288495347351287,1.7775363496521634,0.7124271282253383,2.651410058303753,3.8018229875590484
21,0.8239196569042486,1.0043261208270382,1.4133908972589027,1.5419504594463695,2.4123866640035425
23,0.8221263010718367,1.3740980929880864,1.5116828757223388,2.1016353865743613,3.2173772248777386
