Patient,Idmn,Idn,ShortRunEmphasis,RunPercentage,RunLengthNonUniformityNormalized
6,1.237144368069742,1.3506858422733454,2.3978198049148784,3.4237583190839547,5.855960017105852
14,1.2791784389693603,1.5294906650503262,2.5515795498794813,4.06938482885141,6.200383787115564
15,1.229491516795015,1.3493183916478566,2.4153195657143223,3.487368131996477,5.8805657020140645
16,1.4973034381801889,1.6302077464395905,2.9146773941801873,4.153177229148796,7.216553768043961
18,1.2438257981684866,1.357089904672081,2.429051418900775,3.4473830532145406,5.9296689232478705
19,1.165855973578305,1.290667297947728,2.3884130675540645,3.6562286894634712,5.763576639702814
21,1.2544421459284603,1.36257622567488,2.409322322231135,3.386149235588496,5.898598583739148
23,1.2411809848132407,1.353296383021977,2.4403374383790606,3.4605425485314423,5.959679641727983
