Patient,Idmn,Idn,ShortRunEmphasis,RunPercentage,DependenceEntropy
6,0.8983350229179097,1.900229631523171,1.8955210017755864,2.9018466341127342,6.333224385965368
14,0.8644294829086283,1.7869725117769717,4.110098040751322,7.088152177849101,4.039337477276887
15,1.1733388408485024,2.501625081353244,3.679698330354226,5.228084318984782,5.5529723321641296
16,0.6612659838998968,1.5057877904126085,1.8822752968753989,2.6348895441078746,4.200598554416949
18,0.06183039911997946,0.25527989269590334,0.5363508015666139,0.9243275397696753,4.548507216275272
19,0.4564110375571763,0.9963449450106616,4.113946992660237,7.0362392733730506,2.9546746284257663
21,1.697267641413017,2.8662158570355234,2.2195906797210596,3.735110894038539,6.348042816430276
23,0.8393480927708391,1.5872771320820722,2.0545949689143175,3.3019972941057913,4.709581565272428
