Patient,Idmn,Idn,ShortRunEmphasis,RunPercentage,SmallAreaEmphasis
6,0.8692761509403288,1.8390641157379313,1.8453396257924015,2.823633067548562,3.586619579494225
14,0.8374801639192729,1.7316755281404435,3.9867122217679842,6.8718664430320455,4.764139735278464
15,1.1356948390583774,2.423668426584138,3.570317196311658,5.07162214274859,5.788432578603456
16,0.6414568290543652,1.4599313748888454,1.8470336829825087,2.58067039106429,7.621589888768009
18,0.05997458147445553,0.2468841586333135,0.5119429385660277,0.8871068217594447,4.004073904633013
19,0.44212900534562155,0.9653988670009692,3.9846384086346984,6.813970707441771,4.61350004582634
21,1.6444424969802238,2.776460586207099,2.1872542954099323,3.6652883936715597,6.9813296581649835
23,0.8128902942371338,1.5371731624503562,1.991835899699817,3.2005314445345103,4.370220430422635
