Patient,Idmn,Idn,ShortRunEmphasis,DependenceEntropy,RunPercentage
6,1.0842362040896505,1.9779708876919673,5.417581254721616,9.565416577075743,8.083874063716866
14,0.8815118512547351,1.7469429693063976,8.379259636331913,7.76591205686275,14.34986684704874
15,1.2187239081271686,2.4359019153923733,7.273269843561772,8.371414724169396,10.55788047164942
16,0.9356329543132331,1.647348314439241,7.1520263448669334,8.521864094861668,11.50968431176661
18,0.5423975877481783,0.7960076298633856,5.533532827641823,7.555143475557946,8.526472577904789
19,0.4949037869027657,1.015505584610283,10.713418629747942,7.40073320067377,17.067466593239615
21,1.7363373865053595,2.8223460755794223,4.59698241194542,9.959470490817296,7.444987571253911
23,0.99062911208241,1.6666368737395372,5.526508016820304,8.305997164061704,9.236560005747615
