Patient,Idmn,Idn,Minimum,MCC,RunEntropy
6,0.05463872528677696,0.5254351646501569,4.2240333235266885,5.737382662092695,5.606458738786346
14,0.02880399636819635,0.2265833231644707,9.208903620647478,2.2551198882284353,7.159214953824658
15,0.05095305560541693,0.397586805875527,6.705392621496513,5.254847718579465,4.486227965604071
16,0.09459627459227529,0.44114875435705364,1.8879126359010443,5.934941116767078,3.1293472457716245
18,0.08292355692727317,0.5258502244278864,2.697414071105099,5.423841716511273,3.550959435126508
19,0.02901262276502994,0.17426784576019128,2.592923622624866,3.75481488220521,2.7772231310123177
21,0.013952030517172719,0.11717788218269906,7.9682725032292065,2.7571579219736257,6.047258681175404
23,0.018300897059707,0.13980597564637381,4.590622043816301,2.4002856316046524,4.6706646551456314
